{"max_e":434289.2,"srid_en":27700,"area":38524213.365,"max_n":285303.9,"min_lat":52.4005551286,"max_lat":52.4647515894,"centre_n":281572.819239,"max_lon":-1.49694915215,"centre_lon":-1.555421509,"min_n":278162.7,"parts":1,"centre_e":430324.278542,"min_e":426312.2,"min_lon":-1.61446300049,"centre_lat":52.4312697075,"name":"Coventry North West"}
